"p2"	"p31"	"p32"	"p33"	"arc_length"
0.00000e+00	4.00000e+00	0.00000e+00	0.00000e+00	0.00000e+00
0.00000e+00	3.99205e+00	0.00000e+00	0.00000e+00	1.73203e-01
0.00000e+00	3.98411e+00	0.00000e+00	0.00000e+00	3.46407e-01
0.00000e+00	3.97616e+00	0.00000e+00	0.00000e+00	5.19619e-01
0.00000e+00	3.96822e+00	0.00000e+00	0.00000e+00	6.92822e-01
0.00000e+00	3.96027e+00	0.00000e+00	0.00000e+00	8.66025e-01
0.00000e+00	3.95233e+00	0.00000e+00	0.00000e+00	1.03923e+00
0.00000e+00	3.94438e+00	0.00000e+00	0.00000e+00	1.21243e+00
0.00000e+00	3.93644e+00	0.00000e+00	0.00000e+00	1.38564e+00
0.00000e+00	3.92849e+00	0.00000e+00	0.00000e+00	1.55885e+00
0.00000e+00	3.92055e+00	0.00000e+00	0.00000e+00	1.73205e+00
0.00000e+00	3.91260e+00	0.00000e+00	0.00000e+00	1.90525e+00
0.00000e+00	3.90466e+00	0.00000e+00	0.00000e+00	2.07846e+00
0.00000e+00	3.89671e+00	0.00000e+00	0.00000e+00	2.25167e+00
0.00000e+00	3.88876e+00	0.00000e+00	0.00000e+00	2.42487e+00
0.00000e+00	3.88082e+00	0.00000e+00	0.00000e+00	2.59808e+00
0.00000e+00	3.87287e+00	0.00000e+00	0.00000e+00	2.77128e+00
0.00000e+00	3.86493e+00	0.00000e+00	0.00000e+00	2.94448e+00
0.00000e+00	3.85698e+00	0.00000e+00	0.00000e+00	3.11769e+00
0.00000e+00	3.84904e+00	0.00000e+00	0.00000e+00	3.29090e+00
0.00000e+00	3.84109e+00	0.00000e+00	0.00000e+00	3.46410e+00
0.00000e+00	3.83315e+00	0.00000e+00	0.00000e+00	3.63730e+00
0.00000e+00	3.82520e+00	0.00000e+00	0.00000e+00	3.81051e+00
0.00000e+00	3.81726e+00	0.00000e+00	0.00000e+00	3.98372e+00
0.00000e+00	3.80931e+00	0.00000e+00	0.00000e+00	4.15692e+00
0.00000e+00	3.80137e+00	0.00000e+00	0.00000e+00	4.33013e+00
0.00000e+00	3.79338e+00	0.00000e+00	0.00000e+00	4.50333e+00
0.00000e+00	3.78465e+00	0.00000e+00	0.00000e+00	4.67653e+00
0.00000e+00	3.77601e+00	0.00000e+00	0.00000e+00	4.84975e+00
0.00000e+00	3.76790e+00	0.00000e+00	0.00000e+00	5.02295e+00
0.00000e+00	3.75978e+00	0.00000e+00	0.00000e+00	5.19615e+00
0.00000e+00	3.75166e+00	0.00000e+00	0.00000e+00	5.36936e+00
0.00000e+00	3.74354e+00	0.00000e+00	0.00000e+00	5.54256e+00
0.00000e+00	3.73543e+00	0.00000e+00	0.00000e+00	5.71577e+00
0.00000e+00	3.72731e+00	0.00000e+00	0.00000e+00	5.88897e+00
0.00000e+00	3.71919e+00	0.00000e+00	0.00000e+00	6.06218e+00
0.00000e+00	3.71108e+00	0.00000e+00	0.00000e+00	6.23538e+00
0.00000e+00	3.70296e+00	0.00000e+00	0.00000e+00	6.40858e+00
0.00000e+00	3.69484e+00	0.00000e+00	0.00000e+00	6.58180e+00
0.00000e+00	3.68672e+00	0.00000e+00	0.00000e+00	6.75500e+00
0.00000e+00	3.67861e+00	0.00000e+00	0.00000e+00	6.92820e+00
0.00000e+00	3.67049e+00	0.00000e+00	0.00000e+00	7.10141e+00
0.00000e+00	3.66237e+00	0.00000e+00	0.00000e+00	7.27461e+00
0.00000e+00	3.65425e+00	0.00000e+00	0.00000e+00	7.44782e+00
0.00000e+00	3.64614e+00	0.00000e+00	0.00000e+00	7.62103e+00
0.00000e+00	3.63802e+00	0.00000e+00	0.00000e+00	7.79423e+00
0.00000e+00	3.62955e+00	0.00000e+00	0.00000e+00	7.96743e+00
0.00000e+00	3.62100e+00	0.00000e+00	0.00000e+00	8.14064e+00
0.00000e+00	3.61246e+00	0.00000e+00	0.00000e+00	8.31385e+00
0.00000e+00	3.60391e+00	0.00000e+00	0.00000e+00	8.48705e+00
0.00000e+00	3.59556e+00	0.00000e+00	0.00000e+00	8.66025e+00
0.00000e+00	3.58734e+00	0.00000e+00	0.00000e+00	8.83346e+00
0.00000e+00	3.57913e+00	0.00000e+00	0.00000e+00	9.00666e+00
0.00000e+00	3.57091e+00	0.00000e+00	0.00000e+00	9.17987e+00
0.00000e+00	3.56270e+00	0.00000e+00	0.00000e+00	9.35308e+00
0.00000e+00	3.55448e+00	0.00000e+00	0.00000e+00	9.52628e+00
0.00000e+00	3.54627e+00	0.00000e+00	0.00000e+00	9.69948e+00
0.00000e+00	3.53805e+00	0.00000e+00	0.00000e+00	9.87269e+00
0.00000e+00	3.52890e+00	0.00000e+00	0.00000e+00	1.00459e+01
0.00000e+00	3.51966e+00	0.00000e+00	0.00000e+00	1.02191e+01
0.00000e+00	3.51043e+00	0.00000e+00	0.00000e+00	1.03923e+01
0.00000e+00	3.50120e+00	0.00000e+00	0.00000e+00	1.05655e+01
0.00000e+00	3.49196e+00	0.00000e+00	0.00000e+00	1.07387e+01
0.00000e+00	3.48273e+00	0.00000e+00	0.00000e+00	1.09119e+01
0.00000e+00	3.47349e+00	0.00000e+00	0.00000e+00	1.10851e+01
0.00000e+00	3.46426e+00	0.00000e+00	0.00000e+00	1.12583e+01
0.00000e+00	3.45503e+00	0.00000e+00	0.00000e+00	1.14315e+01
0.00000e+00	3.44579e+00	0.00000e+00	0.00000e+00	1.16047e+01
0.00000e+00	3.43656e+00	0.00000e+00	0.00000e+00	1.17779e+01
0.00000e+00	3.42732e+00	0.00000e+00	0.00000e+00	1.19512e+01
0.00000e+00	3.41809e+00	0.00000e+00	0.00000e+00	1.21244e+01
0.00000e+00	3.40886e+00	0.00000e+00	0.00000e+00	1.22976e+01
0.00000e+00	3.39962e+00	0.00000e+00	0.00000e+00	1.24708e+01
0.00000e+00	3.39039e+00	0.00000e+00	0.00000e+00	1.26440e+01
0.00000e+00	3.38115e+00	0.00000e+00	0.00000e+00	1.28172e+01
0.00000e+00	3.37192e+00	0.00000e+00	0.00000e+00	1.29904e+01
0.00000e+00	3.36269e+00	0.00000e+00	0.00000e+00	1.31636e+01
0.00000e+00	3.35281e+00	0.00000e+00	0.00000e+00	1.33368e+01
0.00000e+00	3.34243e+00	0.00000e+00	0.00000e+00	1.35100e+01
0.00000e+00	3.33206e+00	0.00000e+00	0.00000e+00	1.36832e+01
0.00000e+00	3.32141e+00	0.00000e+00	0.00000e+00	1.38564e+01
0.00000e+00	3.31330e+00	0.00000e+00	0.00000e+00	1.40296e+01
0.00000e+00	3.30613e+00	0.00000e+00	0.00000e+00	1.42028e+01
0.00000e+00	3.29897e+00	0.00000e+00	0.00000e+00	1.43760e+01
0.00000e+00	3.29157e+00	0.00000e+00	0.00000e+00	1.45492e+01
0.00000e+00	3.28444e+00	0.00000e+00	0.00000e+00	1.47224e+01
0.00000e+00	3.27704e+00	0.00000e+00	0.00000e+00	1.48956e+01
0.00000e+00	3.26964e+00	0.00000e+00	0.00000e+00	1.50688e+01
0.00000e+00	3.26224e+00	0.00000e+00	0.00000e+00	1.52421e+01
0.00000e+00	3.25485e+00	0.00000e+00	0.00000e+00	1.54153e+01
0.00000e+00	3.24745e+00	0.00000e+00	0.00000e+00	1.55885e+01
0.00000e+00	3.24005e+00	0.00000e+00	0.00000e+00	1.57617e+01
0.00000e+00	3.23265e+00	0.00000e+00	0.00000e+00	1.59349e+01
0.00000e+00	3.22526e+00	0.00000e+00	0.00000e+00	1.61081e+01
0.00000e+00	3.21786e+00	0.00000e+00	0.00000e+00	1.62813e+01
0.00000e+00	3.21046e+00	0.00000e+00	0.00000e+00	1.64545e+01
0.00000e+00	3.20306e+00	0.00000e+00	0.00000e+00	1.66277e+01
0.00000e+00	3.19567e+00	0.00000e+00	0.00000e+00	1.68009e+01
0.00000e+00	3.18827e+00	0.00000e+00	0.00000e+00	1.69741e+01
0.00000e+00	3.18087e+00	0.00000e+00	0.00000e+00	1.71473e+01
0.00000e+00	3.17347e+00	0.00000e+00	0.00000e+00	1.73205e+01
0.00000e+00	3.16608e+00	0.00000e+00	0.00000e+00	1.74937e+01
0.00000e+00	3.15868e+00	0.00000e+00	0.00000e+00	1.76669e+01
0.00000e+00	3.15128e+00	0.00000e+00	0.00000e+00	1.78401e+01
0.00000e+00	3.14388e+00	0.00000e+00	0.00000e+00	1.80133e+01
0.00000e+00	3.13649e+00	0.00000e+00	0.00000e+00	1.81865e+01
0.00000e+00	3.12909e+00	0.00000e+00	0.00000e+00	1.83597e+01
0.00000e+00	3.12169e+00	0.00000e+00	0.00000e+00	1.85329e+01
0.00000e+00	3.11429e+00	0.00000e+00	0.00000e+00	1.87062e+01
0.00000e+00	3.10689e+00	0.00000e+00	0.00000e+00	1.88794e+01
0.00000e+00	3.09950e+00	0.00000e+00	0.00000e+00	1.90526e+01
0.00000e+00	3.09210e+00	0.00000e+00	0.00000e+00	1.92258e+01
0.00000e+00	3.08470e+00	0.00000e+00	0.00000e+00	1.93990e+01
0.00000e+00	3.07730e+00	0.00000e+00	0.00000e+00	1.95722e+01
0.00000e+00	3.06991e+00	0.00000e+00	0.00000e+00	1.97454e+01
0.00000e+00	3.06251e+00	0.00000e+00	0.00000e+00	1.99186e+01
0.00000e+00	3.05511e+00	0.00000e+00	0.00000e+00	2.00918e+01
0.00000e+00	3.04764e+00	0.00000e+00	0.00000e+00	2.02650e+01
0.00000e+00	3.04012e+00	0.00000e+00	0.00000e+00	2.04382e+01
0.00000e+00	3.03516e+00	0.00000e+00	0.00000e+00	2.06114e+01
0.00000e+00	3.02950e+00	0.00000e+00	0.00000e+00	2.07846e+01
0.00000e+00	3.02375e+00	0.00000e+00	0.00000e+00	2.09578e+01
0.00000e+00	3.01796e+00	0.00000e+00	0.00000e+00	2.11310e+01
0.00000e+00	3.01217e+00	0.00000e+00	0.00000e+00	2.13042e+01
0.00000e+00	3.00637e+00	0.00000e+00	0.00000e+00	2.14774e+01
0.00000e+00	3.00058e+00	0.00000e+00	0.00000e+00	2.16506e+01
0.00000e+00	2.99479e+00	0.00000e+00	0.00000e+00	2.18238e+01
0.00000e+00	2.98899e+00	0.00000e+00	0.00000e+00	2.19970e+01
0.00000e+00	2.98320e+00	0.00000e+00	0.00000e+00	2.21703e+01
0.00000e+00	2.97741e+00	0.00000e+00	0.00000e+00	2.23435e+01
0.00000e+00	2.97161e+00	0.00000e+00	0.00000e+00	2.25167e+01
0.00000e+00	2.96582e+00	0.00000e+00	0.00000e+00	2.26899e+01
0.00000e+00	2.96003e+00	0.00000e+00	0.00000e+00	2.28631e+01
0.00000e+00	2.95423e+00	0.00000e+00	0.00000e+00	2.30363e+01
0.00000e+00	2.94844e+00	0.00000e+00	0.00000e+00	2.32095e+01
0.00000e+00	2.94265e+00	0.00000e+00	0.00000e+00	2.33827e+01
0.00000e+00	2.93686e+00	0.00000e+00	0.00000e+00	2.35559e+01
0.00000e+00	2.93106e+00	0.00000e+00	0.00000e+00	2.37291e+01
0.00000e+00	2.92527e+00	0.00000e+00	0.00000e+00	2.39023e+01
0.00000e+00	2.91948e+00	0.00000e+00	0.00000e+00	2.40755e+01
0.00000e+00	2.91368e+00	0.00000e+00	0.00000e+00	2.42487e+01
0.00000e+00	2.90789e+00	0.00000e+00	0.00000e+00	2.44219e+01
0.00000e+00	2.90211e+00	0.00000e+00	0.00000e+00	2.45951e+01
0.00000e+00	2.89628e+00	0.00000e+00	0.00000e+00	2.47683e+01
0.00000e+00	2.89046e+00	0.00000e+00	0.00000e+00	2.49415e+01
0.00000e+00	2.88464e+00	0.00000e+00	0.00000e+00	2.51147e+01
0.00000e+00	2.87882e+00	0.00000e+00	0.00000e+00	2.52879e+01
0.00000e+00	2.87300e+00	0.00000e+00	0.00000e+00	2.54611e+01
0.00000e+00	2.86718e+00	0.00000e+00	0.00000e+00	2.56344e+01
0.00000e+00	2.86135e+00	0.00000e+00	0.00000e+00	2.58076e+01
0.00000e+00	2.85553e+00	0.00000e+00	0.00000e+00	2.59808e+01
0.00000e+00	2.84971e+00	0.00000e+00	0.00000e+00	2.61540e+01
0.00000e+00	2.84389e+00	0.00000e+00	0.00000e+00	2.63272e+01
0.00000e+00	2.83807e+00	0.00000e+00	0.00000e+00	2.65004e+01
0.00000e+00	2.83224e+00	0.00000e+00	0.00000e+00	2.66736e+01
0.00000e+00	2.82685e+00	0.00000e+00	0.00000e+00	2.68468e+01
0.00000e+00	2.82217e+00	0.00000e+00	0.00000e+00	2.70200e+01
0.00000e+00	2.81761e+00	0.00000e+00	0.00000e+00	2.71932e+01
0.00000e+00	2.81320e+00	0.00000e+00	0.00000e+00	2.73664e+01
0.00000e+00	2.80864e+00	0.00000e+00	0.00000e+00	2.75396e+01
0.00000e+00	2.80409e+00	0.00000e+00	0.00000e+00	2.77128e+01
0.00000e+00	2.79949e+00	0.00000e+00	0.00000e+00	2.78860e+01
0.00000e+00	2.79485e+00	0.00000e+00	0.00000e+00	2.80592e+01
0.00000e+00	2.79022e+00	0.00000e+00	0.00000e+00	2.82324e+01
0.00000e+00	2.78559e+00	0.00000e+00	0.00000e+00	2.84056e+01
0.00000e+00	2.78095e+00	0.00000e+00	0.00000e+00	2.85788e+01
0.00000e+00	2.77632e+00	0.00000e+00	0.00000e+00	2.87520e+01
0.00000e+00	2.77169e+00	0.00000e+00	0.00000e+00	2.89252e+01
0.00000e+00	2.76705e+00	0.00000e+00	0.00000e+00	2.90985e+01
0.00000e+00	2.76242e+00	0.00000e+00	0.00000e+00	2.92717e+01
0.00000e+00	2.75779e+00	0.00000e+00	0.00000e+00	2.94449e+01
0.00000e+00	2.75316e+00	0.00000e+00	0.00000e+00	2.96181e+01
0.00000e+00	2.74852e+00	0.00000e+00	0.00000e+00	2.97913e+01
0.00000e+00	2.74389e+00	0.00000e+00	0.00000e+00	2.99645e+01
0.00000e+00	2.73926e+00	0.00000e+00	0.00000e+00	3.01377e+01
0.00000e+00	2.73462e+00	0.00000e+00	0.00000e+00	3.03109e+01
0.00000e+00	2.72999e+00	0.00000e+00	0.00000e+00	3.04841e+01
0.00000e+00	2.72536e+00	0.00000e+00	0.00000e+00	3.06573e+01
0.00000e+00	2.72072e+00	0.00000e+00	0.00000e+00	3.08305e+01
0.00000e+00	2.71609e+00	0.00000e+00	0.00000e+00	3.10037e+01
0.00000e+00	2.71146e+00	0.00000e+00	0.00000e+00	3.11769e+01
0.00000e+00	2.70683e+00	0.00000e+00	0.00000e+00	3.13501e+01
0.00000e+00	2.70219e+00	0.00000e+00	0.00000e+00	3.15233e+01
0.00000e+00	2.69756e+00	0.00000e+00	0.00000e+00	3.16965e+01
0.00000e+00	2.69293e+00	0.00000e+00	0.00000e+00	3.18697e+01
0.00000e+00	2.68829e+00	0.00000e+00	0.00000e+00	3.20429e+01
0.00000e+00	2.68365e+00	0.00000e+00	0.00000e+00	3.22161e+01
0.00000e+00	2.67900e+00	0.00000e+00	0.00000e+00	3.23893e+01
0.00000e+00	2.67435e+00	0.00000e+00	0.00000e+00	3.25626e+01
0.00000e+00	2.66970e+00	0.00000e+00	0.00000e+00	3.27358e+01
0.00000e+00	2.66506e+00	0.00000e+00	0.00000e+00	3.29090e+01
0.00000e+00	2.66041e+00	0.00000e+00	0.00000e+00	3.30822e+01
0.00000e+00	2.65576e+00	0.00000e+00	0.00000e+00	3.32554e+01
0.00000e+00	2.65112e+00	0.00000e+00	0.00000e+00	3.34286e+01
0.00000e+00	2.64656e+00	0.00000e+00	0.00000e+00	3.36018e+01
0.00000e+00	2.64227e+00	0.00000e+00	0.00000e+00	3.37750e+01
0.00000e+00	2.63827e+00	0.00000e+00	0.00000e+00	3.39482e+01
0.00000e+00	2.63435e+00	0.00000e+00	0.00000e+00	3.41214e+01
0.00000e+00	2.63045e+00	0.00000e+00	0.00000e+00	3.42946e+01
0.00000e+00	2.62654e+00	0.00000e+00	0.00000e+00	3.44678e+01
0.00000e+00	2.62264e+00	0.00000e+00	0.00000e+00	3.46410e+01
0.00000e+00	2.61874e+00	0.00000e+00	0.00000e+00	3.48142e+01
0.00000e+00	2.61483e+00	0.00000e+00	0.00000e+00	3.49874e+01
0.00000e+00	2.61093e+00	0.00000e+00	0.00000e+00	3.51606e+01
0.00000e+00	2.60702e+00	0.00000e+00	0.00000e+00	3.53338e+01
0.00000e+00	2.60312e+00	0.00000e+00	0.00000e+00	3.55070e+01
0.00000e+00	2.59921e+00	0.00000e+00	0.00000e+00	3.56802e+01
0.00000e+00	2.59531e+00	0.00000e+00	0.00000e+00	3.58534e+01
0.00000e+00	2.59142e+00	0.00000e+00	0.00000e+00	3.60267e+01
0.00000e+00	2.58753e+00	0.00000e+00	0.00000e+00	3.61999e+01
0.00000e+00	2.58362e+00	0.00000e+00	0.00000e+00	3.63731e+01
0.00000e+00	2.57968e+00	0.00000e+00	0.00000e+00	3.65463e+01
0.00000e+00	2.57574e+00	0.00000e+00	0.00000e+00	3.67195e+01
0.00000e+00	2.57180e+00	0.00000e+00	0.00000e+00	3.68927e+01
0.00000e+00	2.56785e+00	0.00000e+00	0.00000e+00	3.70659e+01
0.00000e+00	2.56391e+00	0.00000e+00	0.00000e+00	3.72391e+01
0.00000e+00	2.55997e+00	0.00000e+00	0.00000e+00	3.74123e+01
0.00000e+00	2.55630e+00	0.00000e+00	0.00000e+00	3.75855e+01
0.00000e+00	2.55282e+00	0.00000e+00	0.00000e+00	3.77587e+01
0.00000e+00	2.54918e+00	0.00000e+00	0.00000e+00	3.79319e+01
0.00000e+00	2.54545e+00	0.00000e+00	0.00000e+00	3.81051e+01
0.00000e+00	2.54173e+00	0.00000e+00	0.00000e+00	3.82783e+01
0.00000e+00	2.53801e+00	0.00000e+00	0.00000e+00	3.84515e+01
0.00000e+00	2.53429e+00	0.00000e+00	0.00000e+00	3.86247e+01
0.00000e+00	2.53058e+00	0.00000e+00	0.00000e+00	3.87979e+01
0.00000e+00	2.52686e+00	0.00000e+00	0.00000e+00	3.89711e+01
0.00000e+00	2.52315e+00	0.00000e+00	0.00000e+00	3.91443e+01
0.00000e+00	2.51943e+00	0.00000e+00	0.00000e+00	3.93176e+01
0.00000e+00	2.51571e+00	0.00000e+00	0.00000e+00	3.94908e+01
0.00000e+00	2.51200e+00	0.00000e+00	0.00000e+00	3.96640e+01
0.00000e+00	2.50828e+00	0.00000e+00	0.00000e+00	3.98372e+01
0.00000e+00	2.50458e+00	0.00000e+00	0.00000e+00	4.00104e+01
0.00000e+00	2.50091e+00	0.00000e+00	0.00000e+00	4.01836e+01
0.00000e+00	2.49723e+00	0.00000e+00	0.00000e+00	4.03568e+01
0.00000e+00	2.49373e+00	0.00000e+00	0.00000e+00	4.05300e+01
0.00000e+00	2.49037e+00	0.00000e+00	0.00000e+00	4.07032e+01
0.00000e+00	2.48700e+00	0.00000e+00	0.00000e+00	4.08764e+01
0.00000e+00	2.48364e+00	0.00000e+00	0.00000e+00	4.10496e+01
0.00000e+00	2.48039e+00	0.00000e+00	0.00000e+00	4.12228e+01
0.00000e+00	2.47714e+00	0.00000e+00	0.00000e+00	4.13960e+01
0.00000e+00	2.47390e+00	0.00000e+00	0.00000e+00	4.15692e+01
0.00000e+00	2.47065e+00	0.00000e+00	0.00000e+00	4.17424e+01
0.00000e+00	2.46740e+00	0.00000e+00	0.00000e+00	4.19156e+01
0.00000e+00	2.46416e+00	0.00000e+00	0.00000e+00	4.20888e+01
0.00000e+00	2.46091e+00	0.00000e+00	0.00000e+00	4.22620e+01
0.00000e+00	2.45766e+00	0.00000e+00	0.00000e+00	4.24352e+01
0.00000e+00	2.45442e+00	0.00000e+00	0.00000e+00	4.26084e+01
0.00000e+00	2.45117e+00	0.00000e+00	0.00000e+00	4.27817e+01
0.00000e+00	2.44792e+00	0.00000e+00	0.00000e+00	4.29549e+01
0.00000e+00	2.44467e+00	0.00000e+00	0.00000e+00	4.31281e+01
0.00000e+00	2.44142e+00	0.00000e+00	0.00000e+00	4.33013e+01
0.00000e+00	2.43817e+00	0.00000e+00	0.00000e+00	4.34745e+01
0.00000e+00	2.43485e+00	0.00000e+00	0.00000e+00	4.36477e+01
0.00000e+00	2.43156e+00	0.00000e+00	0.00000e+00	4.38209e+01
0.00000e+00	2.42837e+00	0.00000e+00	0.00000e+00	4.39941e+01
0.00000e+00	2.42524e+00	0.00000e+00	0.00000e+00	4.41673e+01
0.00000e+00	2.42211e+00	0.00000e+00	0.00000e+00	4.43405e+01
0.00000e+00	2.41897e+00	0.00000e+00	0.00000e+00	4.45137e+01
0.00000e+00	2.41584e+00	0.00000e+00	0.00000e+00	4.46869e+01
0.00000e+00	2.41271e+00	0.00000e+00	0.00000e+00	4.48601e+01
0.00000e+00	2.40957e+00	0.00000e+00	0.00000e+00	4.50333e+01
0.00000e+00	2.40643e+00	0.00000e+00	0.00000e+00	4.52065e+01
0.00000e+00	2.40330e+00	0.00000e+00	0.00000e+00	4.53797e+01
0.00000e+00	2.40016e+00	0.00000e+00	0.00000e+00	4.55529e+01
0.00000e+00	2.39702e+00	0.00000e+00	0.00000e+00	4.57261e+01
0.00000e+00	2.39389e+00	0.00000e+00	0.00000e+00	4.58993e+01
0.00000e+00	2.39075e+00	0.00000e+00	0.00000e+00	4.60726e+01
0.00000e+00	2.38761e+00	0.00000e+00	0.00000e+00	4.62458e+01
0.00000e+00	2.38448e+00	0.00000e+00	0.00000e+00	4.64190e+01
0.00000e+00	2.38134e+00	0.00000e+00	0.00000e+00	4.65922e+01
0.00000e+00	2.37820e+00	0.00000e+00	0.00000e+00	4.67654e+01
0.00000e+00	2.37505e+00	0.00000e+00	0.00000e+00	4.69386e+01
0.00000e+00	2.37189e+00	0.00000e+00	0.00000e+00	4.71118e+01
0.00000e+00	2.36890e+00	0.00000e+00	0.00000e+00	4.72850e+01
0.00000e+00	2.36598e+00	0.00000e+00	0.00000e+00	4.74582e+01
0.00000e+00	2.36309e+00	0.00000e+00	0.00000e+00	4.76314e+01
0.00000e+00	2.36020e+00	0.00000e+00	0.00000e+00	4.78046e+01
0.00000e+00	2.35731e+00	0.00000e+00	0.00000e+00	4.79778e+01
0.00000e+00	2.35441e+00	0.00000e+00	0.00000e+00	4.81510e+01
0.00000e+00	2.35152e+00	0.00000e+00	0.00000e+00	4.83242e+01
0.00000e+00	2.34863e+00	0.00000e+00	0.00000e+00	4.84974e+01
0.00000e+00	2.34574e+00	0.00000e+00	0.00000e+00	4.86706e+01
0.00000e+00	2.34285e+00	0.00000e+00	0.00000e+00	4.88438e+01
0.00000e+00	2.33996e+00	0.00000e+00	0.00000e+00	4.90170e+01
0.00000e+00	2.33707e+00	0.00000e+00	0.00000e+00	4.91902e+01
0.00000e+00	2.33418e+00	0.00000e+00	0.00000e+00	4.93634e+01
0.00000e+00	2.33129e+00	0.00000e+00	0.00000e+00	4.95367e+01
0.00000e+00	2.32840e+00	0.00000e+00	0.00000e+00	4.97099e+01
0.00000e+00	2.32551e+00	0.00000e+00	0.00000e+00	4.98831e+01
0.00000e+00	2.32262e+00	0.00000e+00	0.00000e+00	5.00563e+01
0.00000e+00	2.31972e+00	0.00000e+00	0.00000e+00	5.02295e+01
0.00000e+00	2.31677e+00	0.00000e+00	0.00000e+00	5.04027e+01
0.00000e+00	2.31382e+00	0.00000e+00	0.00000e+00	5.05759e+01
0.00000e+00	2.31107e+00	0.00000e+00	0.00000e+00	5.07491e+01
0.00000e+00	2.30834e+00	0.00000e+00	0.00000e+00	5.09223e+01
0.00000e+00	2.30562e+00	0.00000e+00	0.00000e+00	5.10955e+01
0.00000e+00	2.30289e+00	0.00000e+00	0.00000e+00	5.12687e+01
0.00000e+00	2.30016e+00	0.00000e+00	0.00000e+00	5.14419e+01
0.00000e+00	2.29743e+00	0.00000e+00	0.00000e+00	5.16151e+01
0.00000e+00	2.29470e+00	0.00000e+00	0.00000e+00	5.17883e+01
0.00000e+00	2.29197e+00	0.00000e+00	0.00000e+00	5.19615e+01
0.00000e+00	2.28924e+00	0.00000e+00	0.00000e+00	5.21347e+01
0.00000e+00	2.28651e+00	0.00000e+00	0.00000e+00	5.23079e+01
0.00000e+00	2.28378e+00	0.00000e+00	0.00000e+00	5.24811e+01
0.00000e+00	2.28105e+00	0.00000e+00	0.00000e+00	5.26543e+01
0.00000e+00	2.27832e+00	0.00000e+00	0.00000e+00	5.28275e+01
0.00000e+00	2.27559e+00	0.00000e+00	0.00000e+00	5.30008e+01
0.00000e+00	2.27286e+00	0.00000e+00	0.00000e+00	5.31740e+01
0.00000e+00	2.27013e+00	0.00000e+00	0.00000e+00	5.33472e+01
0.00000e+00	2.26738e+00	0.00000e+00	0.00000e+00	5.35204e+01
0.00000e+00	2.26474e+00	0.00000e+00	0.00000e+00	5.36936e+01
0.00000e+00	2.26215e+00	0.00000e+00	0.00000e+00	5.38668e+01
0.00000e+00	2.25956e+00	0.00000e+00	0.00000e+00	5.40400e+01
0.00000e+00	2.25697e+00	0.00000e+00	0.00000e+00	5.42132e+01
0.00000e+00	2.25438e+00	0.00000e+00	0.00000e+00	5.43864e+01
0.00000e+00	2.25179e+00	0.00000e+00	0.00000e+00	5.45596e+01
0.00000e+00	2.24920e+00	0.00000e+00	0.00000e+00	5.47328e+01
0.00000e+00	2.24661e+00	0.00000e+00	0.00000e+00	5.49060e+01
0.00000e+00	2.24402e+00	0.00000e+00	0.00000e+00	5.50792e+01
0.00000e+00	2.24143e+00	0.00000e+00	0.00000e+00	5.52524e+01
0.00000e+00	2.23884e+00	0.00000e+00	0.00000e+00	5.54256e+01
0.00000e+00	2.23625e+00	0.00000e+00	0.00000e+00	5.55988e+01
0.00000e+00	2.23366e+00	0.00000e+00	0.00000e+00	5.57720e+01
0.00000e+00	2.23107e+00	0.00000e+00	0.00000e+00	5.59452e+01
0.00000e+00	2.22848e+00	0.00000e+00	0.00000e+00	5.61185e+01
0.00000e+00	2.22589e+00	0.00000e+00	0.00000e+00	5.62917e+01
0.00000e+00	2.22330e+00	0.00000e+00	0.00000e+00	5.64649e+01
0.00000e+00	2.22070e+00	0.00000e+00	0.00000e+00	5.66381e+01
0.00000e+00	2.21810e+00	0.00000e+00	0.00000e+00	5.68113e+01
0.00000e+00	2.21560e+00	0.00000e+00	0.00000e+00	5.69845e+01
0.00000e+00	2.21317e+00	0.00000e+00	0.00000e+00	5.71577e+01
0.00000e+00	2.21071e+00	0.00000e+00	0.00000e+00	5.73309e+01
0.00000e+00	2.20824e+00	0.00000e+00	0.00000e+00	5.75041e+01
0.00000e+00	2.20578e+00	0.00000e+00	0.00000e+00	5.76773e+01
0.00000e+00	2.20332e+00	0.00000e+00	0.00000e+00	5.78505e+01
0.00000e+00	2.20086e+00	0.00000e+00	0.00000e+00	5.80237e+01
0.00000e+00	2.19840e+00	0.00000e+00	0.00000e+00	5.81969e+01
0.00000e+00	2.19594e+00	0.00000e+00	0.00000e+00	5.83701e+01
0.00000e+00	2.19348e+00	0.00000e+00	0.00000e+00	5.85433e+01
0.00000e+00	2.19102e+00	0.00000e+00	0.00000e+00	5.87165e+01
0.00000e+00	2.18856e+00	0.00000e+00	0.00000e+00	5.88897e+01
0.00000e+00	2.18610e+00	0.00000e+00	0.00000e+00	5.90629e+01
0.00000e+00	2.18364e+00	0.00000e+00	0.00000e+00	5.92361e+01
0.00000e+00	2.18117e+00	0.00000e+00	0.00000e+00	5.94093e+01
0.00000e+00	2.17871e+00	0.00000e+00	0.00000e+00	5.95826e+01
0.00000e+00	2.17625e+00	0.00000e+00	0.00000e+00	5.97558e+01
0.00000e+00	2.17379e+00	0.00000e+00	0.00000e+00	5.99290e+01
0.00000e+00	2.17133e+00	0.00000e+00	0.00000e+00	6.01022e+01
0.00000e+00	2.16887e+00	0.00000e+00	0.00000e+00	6.02754e+01
0.00000e+00	2.16641e+00	0.00000e+00	0.00000e+00	6.04486e+01
0.00000e+00	2.16398e+00	0.00000e+00	0.00000e+00	6.06218e+01
0.00000e+00	2.16165e+00	0.00000e+00	0.00000e+00	6.07950e+01
0.00000e+00	2.15932e+00	0.00000e+00	0.00000e+00	6.09682e+01
0.00000e+00	2.15699e+00	0.00000e+00	0.00000e+00	6.11414e+01
0.00000e+00	2.15466e+00	0.00000e+00	0.00000e+00	6.13146e+01
0.00000e+00	2.15232e+00	0.00000e+00	0.00000e+00	6.14878e+01
0.00000e+00	2.14999e+00	0.00000e+00	0.00000e+00	6.16610e+01
0.00000e+00	2.14766e+00	0.00000e+00	0.00000e+00	6.18342e+01
0.00000e+00	2.14533e+00	0.00000e+00	0.00000e+00	6.20074e+01
0.00000e+00	2.14300e+00	0.00000e+00	0.00000e+00	6.21806e+01
0.00000e+00	2.14067e+00	0.00000e+00	0.00000e+00	6.23538e+01
0.00000e+00	2.13834e+00	0.00000e+00	0.00000e+00	6.25270e+01
0.00000e+00	2.13601e+00	0.00000e+00	0.00000e+00	6.27002e+01
0.00000e+00	2.13368e+00	0.00000e+00	0.00000e+00	6.28734e+01
0.00000e+00	2.13135e+00	0.00000e+00	0.00000e+00	6.30467e+01
0.00000e+00	2.12901e+00	0.00000e+00	0.00000e+00	6.32199e+01
0.00000e+00	2.12668e+00	0.00000e+00	0.00000e+00	6.33931e+01
0.00000e+00	2.12435e+00	0.00000e+00	0.00000e+00	6.35663e+01
0.00000e+00	2.12208e+00	0.00000e+00	0.00000e+00	6.37395e+01
0.00000e+00	2.11983e+00	0.00000e+00	0.00000e+00	6.39127e+01
0.00000e+00	2.11759e+00	0.00000e+00	0.00000e+00	6.40859e+01
0.00000e+00	2.11535e+00	0.00000e+00	0.00000e+00	6.42591e+01
0.00000e+00	2.11311e+00	0.00000e+00	0.00000e+00	6.44323e+01
0.00000e+00	2.11086e+00	0.00000e+00	0.00000e+00	6.46055e+01
0.00000e+00	2.10862e+00	0.00000e+00	0.00000e+00	6.47787e+01
0.00000e+00	2.10638e+00	0.00000e+00	0.00000e+00	6.49519e+01
0.00000e+00	2.10414e+00	0.00000e+00	0.00000e+00	6.51251e+01
0.00000e+00	2.10189e+00	0.00000e+00	0.00000e+00	6.52983e+01
0.00000e+00	2.09965e+00	0.00000e+00	0.00000e+00	6.54715e+01
0.00000e+00	2.09741e+00	0.00000e+00	0.00000e+00	6.56447e+01
0.00000e+00	2.09516e+00	0.00000e+00	0.00000e+00	6.58179e+01
0.00000e+00	2.09292e+00	0.00000e+00	0.00000e+00	6.59911e+01
0.00000e+00	2.09068e+00	0.00000e+00	0.00000e+00	6.61643e+01
0.00000e+00	2.08843e+00	0.00000e+00	0.00000e+00	6.63375e+01
0.00000e+00	2.08619e+00	0.00000e+00	0.00000e+00	6.65108e+01
0.00000e+00	2.08395e+00	0.00000e+00	0.00000e+00	6.66840e+01
0.00000e+00	2.08184e+00	0.00000e+00	0.00000e+00	6.68572e+01
0.00000e+00	2.07969e+00	0.00000e+00	0.00000e+00	6.70304e+01
0.00000e+00	2.07754e+00	0.00000e+00	0.00000e+00	6.72036e+01
0.00000e+00	2.07538e+00	0.00000e+00	0.00000e+00	6.73768e+01
0.00000e+00	2.07322e+00	0.00000e+00	0.00000e+00	6.75500e+01
0.00000e+00	2.07105e+00	0.00000e+00	0.00000e+00	6.77232e+01
0.00000e+00	2.06889e+00	0.00000e+00	0.00000e+00	6.78964e+01
0.00000e+00	2.06672e+00	0.00000e+00	0.00000e+00	6.80696e+01
0.00000e+00	2.06456e+00	0.00000e+00	0.00000e+00	6.82428e+01
0.00000e+00	2.06239e+00	0.00000e+00	0.00000e+00	6.84160e+01
0.00000e+00	2.06023e+00	0.00000e+00	0.00000e+00	6.85892e+01
0.00000e+00	2.05806e+00	0.00000e+00	0.00000e+00	6.87624e+01
0.00000e+00	2.05590e+00	0.00000e+00	0.00000e+00	6.89356e+01
0.00000e+00	2.05373e+00	0.00000e+00	0.00000e+00	6.91088e+01
0.00000e+00	2.05157e+00	0.00000e+00	0.00000e+00	6.92820e+01
0.00000e+00	2.04941e+00	0.00000e+00	0.00000e+00	6.94552e+01
0.00000e+00	2.04724e+00	0.00000e+00	0.00000e+00	6.96284e+01
0.00000e+00	2.04509e+00	0.00000e+00	0.00000e+00	6.98016e+01
0.00000e+00	2.04300e+00	0.00000e+00	0.00000e+00	6.99749e+01
0.00000e+00	2.04092e+00	0.00000e+00	0.00000e+00	7.01481e+01
0.00000e+00	2.03884e+00	0.00000e+00	0.00000e+00	7.03213e+01
0.00000e+00	2.03675e+00	0.00000e+00	0.00000e+00	7.04945e+01
0.00000e+00	2.03467e+00	0.00000e+00	0.00000e+00	7.06677e+01
0.00000e+00	2.03259e+00	0.00000e+00	0.00000e+00	7.08409e+01
0.00000e+00	2.03050e+00	0.00000e+00	0.00000e+00	7.10141e+01
0.00000e+00	2.02842e+00	0.00000e+00	0.00000e+00	7.11873e+01
0.00000e+00	2.02634e+00	0.00000e+00	0.00000e+00	7.13605e+01
0.00000e+00	2.02425e+00	0.00000e+00	0.00000e+00	7.15337e+01
0.00000e+00	2.02217e+00	0.00000e+00	0.00000e+00	7.17069e+01
0.00000e+00	2.02011e+00	0.00000e+00	0.00000e+00	7.18801e+01
0.00000e+00	2.01805e+00	0.00000e+00	0.00000e+00	7.20533e+01
0.00000e+00	2.01599e+00	0.00000e+00	0.00000e+00	7.22265e+01
0.00000e+00	2.01393e+00	0.00000e+00	0.00000e+00	7.23997e+01
0.00000e+00	2.01188e+00	0.00000e+00	0.00000e+00	7.25729e+01
0.00000e+00	2.00982e+00	0.00000e+00	0.00000e+00	7.27461e+01
0.00000e+00	2.00776e+00	0.00000e+00	0.00000e+00	7.29193e+01
0.00000e+00	2.00571e+00	0.00000e+00	0.00000e+00	7.30925e+01
0.00000e+00	2.00364e+00	0.00000e+00	0.00000e+00	7.32657e+01
0.00000e+00	2.00157e+00	0.00000e+00	0.00000e+00	7.34390e+01
0.00000e+00	1.99954e+00	0.00000e+00	0.00000e+00	7.36122e+01
0.00000e+00	1.99753e+00	0.00000e+00	0.00000e+00	7.37854e+01
0.00000e+00	1.99553e+00	0.00000e+00	0.00000e+00	7.39586e+01
0.00000e+00	1.99353e+00	0.00000e+00	0.00000e+00	7.41318e+01
0.00000e+00	1.99153e+00	0.00000e+00	0.00000e+00	7.43050e+01
0.00000e+00	1.98953e+00	0.00000e+00	0.00000e+00	7.44782e+01
0.00000e+00	1.98753e+00	0.00000e+00	0.00000e+00	7.46514e+01
0.00000e+00	1.98553e+00	0.00000e+00	0.00000e+00	7.48246e+01
0.00000e+00	1.98354e+00	0.00000e+00	0.00000e+00	7.49978e+01
0.00000e+00	1.98154e+00	0.00000e+00	0.00000e+00	7.51710e+01
0.00000e+00	1.97954e+00	0.00000e+00	0.00000e+00	7.53442e+01
0.00000e+00	1.97758e+00	0.00000e+00	0.00000e+00	7.55174e+01
2.20236e-02	1.97560e+00	2.20236e-02	0.00000e+00	7.56906e+01
9.52552e-02	1.97360e+00	9.52552e-02	0.00000e+00	7.58638e+01
1.58748e-01	1.97160e+00	1.58748e-01	0.00000e+00	7.60370e+01
1.95972e-01	1.96961e+00	1.95972e-01	0.00000e+00	7.62102e+01
2.33197e-01	1.96762e+00	2.33197e-01	0.00000e+00	7.63834e+01
2.95820e-01	1.96562e+00	2.95820e-01	0.00000e+00	7.65566e+01
4.03333e-01	1.96362e+00	4.03333e-01	0.00000e+00	7.67299e+01
4.28746e-01	1.96166e+00	4.28746e-01	0.00000e+00	7.69031e+01
3.63433e-01	1.95973e+00	3.63433e-01	0.00000e+00	7.70763e+01
2.80720e-01	1.95780e+00	2.80720e-01	0.00000e+00	7.72495e+01
1.98004e-01	1.95586e+00	1.98004e-01	0.00000e+00	7.74227e+01
1.25735e-01	1.95393e+00	1.25735e-01	0.00000e+00	7.75959e+01
5.80490e-02	1.95200e+00	5.80490e-02	0.00000e+00	7.77691e+01
0.00000e+00	1.95006e+00	0.00000e+00	0.00000e+00	7.79423e+01
0.00000e+00	1.94810e+00	0.00000e+00	0.00000e+00	7.81155e+01
0.00000e+00	1.94617e+00	0.00000e+00	0.00000e+00	7.82887e+01
0.00000e+00	1.94426e+00	0.00000e+00	0.00000e+00	7.84619e+01
3.41462e-02	1.94233e+00	3.41462e-02	0.00000e+00	7.86351e+01
7.71186e-02	1.94041e+00	7.71186e-02	0.00000e+00	7.88083e+01
1.20091e-01	1.93848e+00	1.20091e-01	0.00000e+00	7.89815e+01
1.63065e-01	1.93656e+00	1.63065e-01	0.00000e+00	7.91547e+01
2.05886e-01	1.93463e+00	2.05886e-01	0.00000e+00	7.93279e+01
2.46859e-01	1.93271e+00	2.46859e-01	0.00000e+00	7.95011e+01
2.87831e-01	1.93078e+00	2.87831e-01	0.00000e+00	7.96743e+01
3.28803e-01	1.92886e+00	3.28803e-01	0.00000e+00	7.98475e+01
3.68198e-01	1.92692e+00	3.68198e-01	0.00000e+00	8.00208e+01
4.02142e-01	1.92502e+00	4.02142e-01	0.00000e+00	8.01940e+01
3.54830e-01	1.92314e+00	3.54830e-01	0.00000e+00	8.03672e+01
3.07520e-01	1.92125e+00	3.07520e-01	0.00000e+00	8.05404e+01
2.60210e-01	1.91936e+00	2.60210e-01	0.00000e+00	8.07136e+01
2.12898e-01	1.91747e+00	2.12898e-01	0.00000e+00	8.08868e+01
1.65588e-01	1.91559e+00	1.65588e-01	0.00000e+00	8.10600e+01
1.18277e-01	1.91370e+00	1.18277e-01	0.00000e+00	8.12332e+01
7.09667e-02	1.91181e+00	7.09667e-02	0.00000e+00	8.14064e+01
2.36568e-02	1.90993e+00	2.36568e-02	0.00000e+00	8.15796e+01
4.90244e-03	1.90805e+00	4.90244e-03	0.00000e+00	8.17528e+01
1.47073e-02	1.90618e+00	1.47073e-02	0.00000e+00	8.19260e+01
2.45126e-02	1.90431e+00	2.45126e-02	0.00000e+00	8.20992e+01
3.43175e-02	1.90245e+00	3.43175e-02	0.00000e+00	8.22724e+01
4.41223e-02	1.90058e+00	4.41223e-02	0.00000e+00	8.24456e+01
5.39276e-02	1.89871e+00	5.39276e-02	0.00000e+00	8.26188e+01
6.37325e-02	1.89684e+00	6.37325e-02	0.00000e+00	8.27920e+01
7.35377e-02	1.89498e+00	7.35377e-02	0.00000e+00	8.29652e+01
8.33426e-02	1.89311e+00	8.33426e-02	0.00000e+00	8.31384e+01
1.15410e-01	1.89124e+00	1.15410e-01	0.00000e+00	8.33116e+01
2.41812e-01	1.88939e+00	2.41812e-01	0.00000e+00	8.34848e+01
4.40949e-01	1.88754e+00	4.40949e-01	0.00000e+00	8.36581e+01
6.40093e-01	1.88568e+00	6.40093e-01	0.00000e+00	8.38313e+01
8.39230e-01	1.88383e+00	8.39230e-01	0.00000e+00	8.40045e+01
1.03837e+00	1.88198e+00	1.03837e+00	0.00000e+00	8.41777e+01
1.23751e+00	1.88013e+00	1.23751e+00	0.00000e+00	8.43509e+01
1.43665e+00	1.87827e+00	1.43665e+00	0.00000e+00	8.45241e+01
1.43551e+00	1.87645e+00	1.43551e+00	0.00000e+00	8.46973e+01
1.43551e+00	1.87465e+00	1.43551e+00	0.00000e+00	8.48705e+01
1.47321e+00	1.87283e+00	1.47321e+00	0.00000e+00	8.50437e+01
1.52178e+00	1.87101e+00	1.52178e+00	0.00000e+00	8.52169e+01
1.57035e+00	1.86918e+00	1.57035e+00	0.00000e+00	8.53901e+01
1.61892e+00	1.86736e+00	1.61892e+00	0.00000e+00	8.55633e+01
1.66784e+00	1.86553e+00	1.66784e+00	0.00000e+00	8.57365e+01
1.70556e+00	1.86371e+00	1.70556e+00	0.00000e+00	8.59097e+01
1.74327e+00	1.86189e+00	1.74327e+00	0.00000e+00	8.60829e+01
1.78099e+00	1.86006e+00	1.78099e+00	0.00000e+00	8.62561e+01
1.80928e+00	1.85824e+00	1.80928e+00	0.00000e+00	8.64293e+01
1.85642e+00	1.85642e+00	1.85642e+00	0.00000e+00	8.66025e+01
1.80598e+00	1.80598e+00	1.85462e+00	0.00000e+00	8.67757e+01
1.75554e+00	1.75554e+00	1.85282e+00	0.00000e+00	8.69490e+01
1.70510e+00	1.70510e+00	1.85102e+00	0.00000e+00	8.71222e+01
1.65465e+00	1.65465e+00	1.84922e+00	0.00000e+00	8.72954e+01
1.60421e+00	1.60421e+00	1.84742e+00	0.00000e+00	8.74686e+01
1.55377e+00	1.55377e+00	1.84562e+00	0.00000e+00	8.76418e+01
1.50332e+00	1.50332e+00	1.84382e+00	0.00000e+00	8.78150e+01
1.50157e+00	1.50157e+00	1.84199e+00	0.00000e+00	8.79882e+01
1.49323e+00	1.49323e+00	1.84017e+00	0.00000e+00	8.81614e+01
1.40251e+00	1.40251e+00	1.83838e+00	0.00000e+00	8.83346e+01
1.24947e+00	1.24947e+00	1.83660e+00	0.00000e+00	8.85078e+01
1.09643e+00	1.09643e+00	1.83482e+00	0.00000e+00	8.86810e+01
9.45232e-01	9.45232e-01	1.83304e+00	0.00000e+00	8.88542e+01
8.19588e-01	8.19588e-01	1.83125e+00	0.00000e+00	8.90274e+01
6.93948e-01	6.93948e-01	1.82947e+00	0.00000e+00	8.92006e+01
6.30199e-01	6.30199e-01	1.82770e+00	0.00000e+00	8.93738e+01
5.71370e-01	5.71370e-01	1.82592e+00	0.00000e+00	8.95470e+01
5.12544e-01	5.12544e-01	1.82414e+00	0.00000e+00	8.97202e+01
3.75574e-01	3.75574e-01	1.82238e+00	0.00000e+00	8.98934e+01
2.52016e-01	2.52016e-01	1.82063e+00	0.00000e+00	9.00666e+01
2.05480e-01	2.05480e-01	1.81887e+00	0.00000e+00	9.02398e+01
1.88807e-01	1.88807e-01	1.81710e+00	0.00000e+00	9.04131e+01
1.72134e-01	1.72134e-01	1.81533e+00	0.00000e+00	9.05863e+01
1.55460e-01	1.55460e-01	1.81356e+00	0.00000e+00	9.07595e+01
1.38788e-01	1.38788e-01	1.81179e+00	0.00000e+00	9.09327e+01
1.34058e-01	1.34058e-01	1.81002e+00	0.00000e+00	9.11059e+01
1.35191e-01	1.35191e-01	1.80825e+00	0.00000e+00	9.12791e+01
1.09441e-01	1.09441e-01	1.80650e+00	0.00000e+00	9.14523e+01
1.34756e-01	1.34756e-01	1.80474e+00	0.00000e+00	9.16255e+01
1.60070e-01	1.60070e-01	1.80299e+00	0.00000e+00	9.17987e+01
1.85384e-01	1.85384e-01	1.80124e+00	0.00000e+00	9.19719e+01
2.10698e-01	2.10698e-01	1.79948e+00	0.00000e+00	9.21451e+01
2.36012e-01	2.36012e-01	1.79773e+00	0.00000e+00	9.23183e+01
2.61327e-01	2.61327e-01	1.79598e+00	0.00000e+00	9.24915e+01
2.86641e-01	2.86641e-01	1.79422e+00	0.00000e+00	9.26647e+01
3.11955e-01	3.11955e-01	1.79247e+00	0.00000e+00	9.28379e+01
3.37270e-01	3.37270e-01	1.79072e+00	0.00000e+00	9.30111e+01
3.18091e-01	3.18091e-01	1.78898e+00	0.00000e+00	9.31843e+01
2.77323e-01	2.77323e-01	1.78726e+00	0.00000e+00	9.33575e+01
2.34659e-01	2.34659e-01	1.78553e+00	0.00000e+00	9.35307e+01
1.92809e-01	1.92809e-01	1.78379e+00	0.00000e+00	9.37039e+01
1.55613e-01	1.55613e-01	1.78206e+00	0.00000e+00	9.38772e+01
1.18419e-01	1.18419e-01	1.78033e+00	0.00000e+00	9.40504e+01
8.12229e-02	8.12229e-02	1.77860e+00	0.00000e+00	9.42236e+01
4.40286e-02	4.40286e-02	1.77687e+00	0.00000e+00	9.43968e+01
6.83427e-03	6.83427e-03	1.77514e+00	0.00000e+00	9.45700e+01
0.00000e+00	0.00000e+00	1.77340e+00	0.00000e+00	9.47432e+01
0.00000e+00	0.00000e+00	1.77166e+00	0.00000e+00	9.49164e+01
0.00000e+00	0.00000e+00	1.76993e+00	0.00000e+00	9.50896e+01
2.04933e-02	2.04933e-02	1.76820e+00	0.00000e+00	9.52628e+01
9.07671e-02	9.07671e-02	1.76646e+00	0.00000e+00	9.54360e+01
1.61044e-01	1.61044e-01	1.76472e+00	0.00000e+00	9.56092e+01
2.31317e-01	2.31317e-01	1.76298e+00	0.00000e+00	9.57824e+01
3.01594e-01	3.01594e-01	1.76125e+00	0.00000e+00	9.59556e+01
3.68391e-01	3.68391e-01	1.75951e+00	0.00000e+00	9.61288e+01
4.31894e-01	4.31894e-01	1.75777e+00	0.00000e+00	9.63020e+01
3.61107e-01	3.61107e-01	1.75608e+00	0.00000e+00	9.64752e+01
2.52060e-01	2.52060e-01	1.75440e+00	0.00000e+00	9.66484e+01
1.66773e-01	1.66773e-01	1.75271e+00	0.00000e+00	9.68216e+01
1.25570e-01	1.25570e-01	1.75101e+00	0.00000e+00	9.69948e+01
8.43669e-02	8.43669e-02	1.74930e+00	0.00000e+00	9.71680e+01
4.31622e-02	4.31622e-02	1.74760e+00	0.00000e+00	9.73413e+01
1.95916e-03	1.95916e-03	1.74589e+00	0.00000e+00	9.75145e+01
0.00000e+00	0.00000e+00	1.74419e+00	0.00000e+00	9.76877e+01
0.00000e+00	0.00000e+00	1.74249e+00	0.00000e+00	9.78609e+01
0.00000e+00	0.00000e+00	1.74079e+00	0.00000e+00	9.80341e+01
0.00000e+00	0.00000e+00	1.73906e+00	0.00000e+00	9.82073e+01
0.00000e+00	0.00000e+00	1.73736e+00	0.00000e+00	9.83805e+01
0.00000e+00	0.00000e+00	1.73565e+00	0.00000e+00	9.85537e+01
0.00000e+00	0.00000e+00	1.73394e+00	0.00000e+00	9.87269e+01
0.00000e+00	0.00000e+00	1.73222e+00	0.00000e+00	9.89001e+01
0.00000e+00	0.00000e+00	1.73051e+00	0.00000e+00	9.90733e+01
0.00000e+00	0.00000e+00	1.72880e+00	0.00000e+00	9.92465e+01
0.00000e+00	0.00000e+00	1.72709e+00	0.00000e+00	9.94197e+01
0.00000e+00	0.00000e+00	1.72539e+00	0.00000e+00	9.95929e+01
0.00000e+00	0.00000e+00	1.72370e+00	0.00000e+00	9.97661e+01
0.00000e+00	0.00000e+00	1.72203e+00	0.00000e+00	9.99393e+01
0.00000e+00	0.00000e+00	1.72036e+00	0.00000e+00	1.00113e+02
0.00000e+00	0.00000e+00	1.71867e+00	0.00000e+00	1.00286e+02
0.00000e+00	0.00000e+00	1.71698e+00	0.00000e+00	1.00459e+02
0.00000e+00	0.00000e+00	1.71529e+00	0.00000e+00	1.00632e+02
0.00000e+00	0.00000e+00	1.71360e+00	0.00000e+00	1.00805e+02
0.00000e+00	0.00000e+00	1.71191e+00	0.00000e+00	1.00979e+02
0.00000e+00	0.00000e+00	1.71022e+00	0.00000e+00	1.01152e+02
0.00000e+00	0.00000e+00	1.70853e+00	0.00000e+00	1.01325e+02
0.00000e+00	0.00000e+00	1.70684e+00	0.00000e+00	1.01498e+02
0.00000e+00	0.00000e+00	1.70515e+00	0.00000e+00	1.01671e+02
0.00000e+00	0.00000e+00	1.70346e+00	0.00000e+00	1.01845e+02
0.00000e+00	0.00000e+00	1.70176e+00	0.00000e+00	1.02018e+02
0.00000e+00	0.00000e+00	1.70007e+00	0.00000e+00	1.02191e+02
0.00000e+00	0.00000e+00	1.69838e+00	0.00000e+00	1.02364e+02
0.00000e+00	0.00000e+00	1.69669e+00	0.00000e+00	1.02537e+02
0.00000e+00	0.00000e+00	1.69500e+00	0.00000e+00	1.02711e+02
0.00000e+00	0.00000e+00	1.69331e+00	0.00000e+00	1.02884e+02
0.00000e+00	0.00000e+00	1.69164e+00	0.00000e+00	1.03057e+02
0.00000e+00	0.00000e+00	1.68998e+00	0.00000e+00	1.03230e+02
0.00000e+00	0.00000e+00	1.68832e+00	0.00000e+00	1.03403e+02
0.00000e+00	0.00000e+00	1.68665e+00	0.00000e+00	1.03577e+02
0.00000e+00	0.00000e+00	1.68498e+00	0.00000e+00	1.03750e+02
0.00000e+00	0.00000e+00	1.68330e+00	0.00000e+00	1.03923e+02
0.00000e+00	0.00000e+00	1.68163e+00	0.00000e+00	1.04096e+02
0.00000e+00	0.00000e+00	1.67996e+00	0.00000e+00	1.04269e+02
0.00000e+00	0.00000e+00	1.67828e+00	0.00000e+00	1.04443e+02
0.00000e+00	0.00000e+00	1.67661e+00	0.00000e+00	1.04616e+02
0.00000e+00	0.00000e+00	1.67494e+00	0.00000e+00	1.04789e+02
0.00000e+00	0.00000e+00	1.67327e+00	0.00000e+00	1.04962e+02
0.00000e+00	0.00000e+00	1.67159e+00	0.00000e+00	1.05135e+02
0.00000e+00	0.00000e+00	1.66992e+00	0.00000e+00	1.05309e+02
0.00000e+00	0.00000e+00	1.66825e+00	0.00000e+00	1.05482e+02
0.00000e+00	0.00000e+00	1.66658e+00	0.00000e+00	1.05655e+02
0.00000e+00	0.00000e+00	1.66490e+00	0.00000e+00	1.05828e+02
0.00000e+00	0.00000e+00	1.66323e+00	0.00000e+00	1.06002e+02
0.00000e+00	0.00000e+00	1.66156e+00	0.00000e+00	1.06175e+02
0.00000e+00	0.00000e+00	1.65988e+00	0.00000e+00	1.06348e+02
0.00000e+00	0.00000e+00	1.65820e+00	0.00000e+00	1.06521e+02
0.00000e+00	0.00000e+00	1.65649e+00	0.00000e+00	1.06694e+02
0.00000e+00	0.00000e+00	1.65480e+00	0.00000e+00	1.06868e+02
0.00000e+00	0.00000e+00	1.65313e+00	0.00000e+00	1.07041e+02
0.00000e+00	0.00000e+00	1.65146e+00	0.00000e+00	1.07214e+02
0.00000e+00	0.00000e+00	1.64979e+00	0.00000e+00	1.07387e+02
0.00000e+00	0.00000e+00	1.64812e+00	0.00000e+00	1.07560e+02
0.00000e+00	0.00000e+00	1.64645e+00	0.00000e+00	1.07734e+02
0.00000e+00	0.00000e+00	1.64478e+00	0.00000e+00	1.07907e+02
0.00000e+00	0.00000e+00	1.64311e+00	0.00000e+00	1.08080e+02
0.00000e+00	0.00000e+00	1.64144e+00	0.00000e+00	1.08253e+02
0.00000e+00	0.00000e+00	1.63977e+00	0.00000e+00	1.08426e+02
0.00000e+00	0.00000e+00	1.63810e+00	0.00000e+00	1.08600e+02
0.00000e+00	0.00000e+00	1.63644e+00	0.00000e+00	1.08773e+02
0.00000e+00	0.00000e+00	1.63477e+00	0.00000e+00	1.08946e+02
0.00000e+00	0.00000e+00	1.63310e+00	0.00000e+00	1.09119e+02
0.00000e+00	0.00000e+00	1.63143e+00	0.00000e+00	1.09292e+02
0.00000e+00	0.00000e+00	1.62979e+00	0.00000e+00	1.09466e+02
0.00000e+00	0.00000e+00	1.62811e+00	0.00000e+00	1.09639e+02
0.00000e+00	0.00000e+00	1.62644e+00	0.00000e+00	1.09812e+02
0.00000e+00	0.00000e+00	1.62477e+00	0.00000e+00	1.09985e+02
0.00000e+00	0.00000e+00	1.62310e+00	0.00000e+00	1.10158e+02
0.00000e+00	0.00000e+00	1.62143e+00	0.00000e+00	1.10332e+02
0.00000e+00	0.00000e+00	1.61976e+00	0.00000e+00	1.10505e+02
0.00000e+00	0.00000e+00	1.61809e+00	0.00000e+00	1.10678e+02
0.00000e+00	0.00000e+00	1.61642e+00	0.00000e+00	1.10851e+02
0.00000e+00	0.00000e+00	1.61475e+00	0.00000e+00	1.11024e+02
0.00000e+00	0.00000e+00	1.61308e+00	0.00000e+00	1.11198e+02
0.00000e+00	0.00000e+00	1.61141e+00	0.00000e+00	1.11371e+02
0.00000e+00	0.00000e+00	1.60974e+00	0.00000e+00	1.11544e+02
0.00000e+00	0.00000e+00	1.60807e+00	0.00000e+00	1.11717e+02
0.00000e+00	0.00000e+00	1.60640e+00	0.00000e+00	1.11890e+02
0.00000e+00	0.00000e+00	1.60473e+00	0.00000e+00	1.12064e+02
0.00000e+00	0.00000e+00	1.60306e+00	0.00000e+00	1.12237e+02
0.00000e+00	0.00000e+00	1.60139e+00	0.00000e+00	1.12410e+02
0.00000e+00	0.00000e+00	1.59972e+00	0.00000e+00	1.12583e+02
0.00000e+00	0.00000e+00	1.59805e+00	0.00000e+00	1.12757e+02
0.00000e+00	0.00000e+00	1.59637e+00	0.00000e+00	1.12930e+02
0.00000e+00	0.00000e+00	1.59469e+00	0.00000e+00	1.13103e+02
0.00000e+00	0.00000e+00	1.59301e+00	0.00000e+00	1.13276e+02
0.00000e+00	0.00000e+00	1.59134e+00	0.00000e+00	1.13449e+02
0.00000e+00	0.00000e+00	1.58968e+00	0.00000e+00	1.13623e+02
0.00000e+00	0.00000e+00	1.58801e+00	0.00000e+00	1.13796e+02
0.00000e+00	0.00000e+00	1.58634e+00	0.00000e+00	1.13969e+02
0.00000e+00	0.00000e+00	1.58467e+00	0.00000e+00	1.14142e+02
0.00000e+00	0.00000e+00	1.58300e+00	0.00000e+00	1.14315e+02
0.00000e+00	0.00000e+00	1.58133e+00	0.00000e+00	1.14489e+02
0.00000e+00	0.00000e+00	1.57966e+00	0.00000e+00	1.14662e+02
0.00000e+00	0.00000e+00	1.57799e+00	0.00000e+00	1.14835e+02
0.00000e+00	0.00000e+00	1.57632e+00	0.00000e+00	1.15008e+02
0.00000e+00	0.00000e+00	1.57464e+00	0.00000e+00	1.15181e+02
0.00000e+00	0.00000e+00	1.57297e+00	0.00000e+00	1.15355e+02
0.00000e+00	0.00000e+00	1.57130e+00	0.00000e+00	1.15528e+02
0.00000e+00	0.00000e+00	1.56963e+00	0.00000e+00	1.15701e+02
0.00000e+00	0.00000e+00	1.56796e+00	0.00000e+00	1.15874e+02
0.00000e+00	0.00000e+00	1.56630e+00	0.00000e+00	1.16047e+02
0.00000e+00	0.00000e+00	1.56459e+00	0.00000e+00	1.16221e+02
0.00000e+00	0.00000e+00	1.56289e+00	0.00000e+00	1.16394e+02
0.00000e+00	0.00000e+00	1.56120e+00	0.00000e+00	1.16567e+02
0.00000e+00	0.00000e+00	1.55951e+00	0.00000e+00	1.16740e+02
0.00000e+00	0.00000e+00	1.55783e+00	0.00000e+00	1.16913e+02
0.00000e+00	0.00000e+00	1.55614e+00	0.00000e+00	1.17087e+02
0.00000e+00	0.00000e+00	1.55445e+00	0.00000e+00	1.17260e+02
0.00000e+00	0.00000e+00	1.55276e+00	0.00000e+00	1.17433e+02
0.00000e+00	0.00000e+00	1.55108e+00	0.00000e+00	1.17606e+02
0.00000e+00	0.00000e+00	1.54939e+00	0.00000e+00	1.17779e+02
0.00000e+00	0.00000e+00	1.54770e+00	0.00000e+00	1.17953e+02
0.00000e+00	0.00000e+00	1.54602e+00	0.00000e+00	1.18126e+02
0.00000e+00	0.00000e+00	1.54433e+00	0.00000e+00	1.18299e+02
0.00000e+00	0.00000e+00	1.54264e+00	0.00000e+00	1.18472e+02
0.00000e+00	0.00000e+00	1.54095e+00	0.00000e+00	1.18645e+02
0.00000e+00	0.00000e+00	1.53927e+00	0.00000e+00	1.18819e+02
0.00000e+00	0.00000e+00	1.53758e+00	0.00000e+00	1.18992e+02
0.00000e+00	0.00000e+00	1.53589e+00	0.00000e+00	1.19165e+02
0.00000e+00	0.00000e+00	1.53420e+00	0.00000e+00	1.19338e+02
0.00000e+00	0.00000e+00	1.53252e+00	0.00000e+00	1.19512e+02
0.00000e+00	0.00000e+00	1.53081e+00	0.00000e+00	1.19685e+02
0.00000e+00	0.00000e+00	1.52911e+00	0.00000e+00	1.19858e+02
0.00000e+00	0.00000e+00	1.52741e+00	0.00000e+00	1.20031e+02
0.00000e+00	0.00000e+00	1.52570e+00	0.00000e+00	1.20204e+02
0.00000e+00	0.00000e+00	1.52400e+00	0.00000e+00	1.20378e+02
0.00000e+00	0.00000e+00	1.52229e+00	0.00000e+00	1.20551e+02
0.00000e+00	0.00000e+00	1.52059e+00	0.00000e+00	1.20724e+02
0.00000e+00	0.00000e+00	1.51889e+00	0.00000e+00	1.20897e+02
0.00000e+00	0.00000e+00	1.51718e+00	0.00000e+00	1.21070e+02
0.00000e+00	0.00000e+00	1.51548e+00	0.00000e+00	1.21244e+02
0.00000e+00	0.00000e+00	1.51377e+00	0.00000e+00	1.21417e+02
0.00000e+00	0.00000e+00	1.51207e+00	0.00000e+00	1.21590e+02
0.00000e+00	0.00000e+00	1.51037e+00	0.00000e+00	1.21763e+02
0.00000e+00	0.00000e+00	1.50866e+00	0.00000e+00	1.21936e+02
0.00000e+00	0.00000e+00	1.50696e+00	0.00000e+00	1.22110e+02
0.00000e+00	0.00000e+00	1.50525e+00	0.00000e+00	1.22283e+02
0.00000e+00	0.00000e+00	1.50355e+00	0.00000e+00	1.22456e+02
0.00000e+00	0.00000e+00	1.50185e+00	0.00000e+00	1.22629e+02
0.00000e+00	0.00000e+00	1.50014e+00	0.00000e+00	1.22802e+02
0.00000e+00	0.00000e+00	1.49841e+00	0.00000e+00	1.22976e+02
0.00000e+00	0.00000e+00	1.49667e+00	0.00000e+00	1.23149e+02
0.00000e+00	0.00000e+00	1.49494e+00	0.00000e+00	1.23322e+02
0.00000e+00	0.00000e+00	1.49320e+00	0.00000e+00	1.23495e+02
0.00000e+00	0.00000e+00	1.49147e+00	0.00000e+00	1.23668e+02
0.00000e+00	0.00000e+00	1.48974e+00	0.00000e+00	1.23842e+02
0.00000e+00	0.00000e+00	1.48800e+00	0.00000e+00	1.24015e+02
0.00000e+00	0.00000e+00	1.48627e+00	0.00000e+00	1.24188e+02
0.00000e+00	0.00000e+00	1.48453e+00	0.00000e+00	1.24361e+02
0.00000e+00	0.00000e+00	1.48280e+00	0.00000e+00	1.24534e+02
0.00000e+00	0.00000e+00	1.48106e+00	0.00000e+00	1.24708e+02
0.00000e+00	0.00000e+00	1.47933e+00	0.00000e+00	1.24881e+02
0.00000e+00	0.00000e+00	1.47759e+00	0.00000e+00	1.25054e+02
0.00000e+00	0.00000e+00	1.47586e+00	0.00000e+00	1.25227e+02
0.00000e+00	0.00000e+00	1.47412e+00	0.00000e+00	1.25400e+02
0.00000e+00	0.00000e+00	1.47239e+00	0.00000e+00	1.25574e+02
0.00000e+00	0.00000e+00	1.47066e+00	0.00000e+00	1.25747e+02
0.00000e+00	0.00000e+00	1.46895e+00	0.00000e+00	1.25920e+02
0.00000e+00	0.00000e+00	1.46724e+00	0.00000e+00	1.26093e+02
0.00000e+00	0.00000e+00	1.46556e+00	0.00000e+00	1.26267e+02
0.00000e+00	0.00000e+00	1.46384e+00	0.00000e+00	1.26440e+02
0.00000e+00	0.00000e+00	1.46207e+00	0.00000e+00	1.26613e+02
0.00000e+00	0.00000e+00	1.46030e+00	0.00000e+00	1.26786e+02
0.00000e+00	0.00000e+00	1.45853e+00	0.00000e+00	1.26959e+02
0.00000e+00	0.00000e+00	1.45676e+00	0.00000e+00	1.27133e+02
0.00000e+00	0.00000e+00	1.45500e+00	0.00000e+00	1.27306e+02
0.00000e+00	0.00000e+00	1.45323e+00	0.00000e+00	1.27479e+02
0.00000e+00	0.00000e+00	1.45146e+00	0.00000e+00	1.27652e+02
0.00000e+00	0.00000e+00	1.44969e+00	0.00000e+00	1.27825e+02
0.00000e+00	0.00000e+00	1.44792e+00	0.00000e+00	1.27999e+02
0.00000e+00	0.00000e+00	1.44616e+00	0.00000e+00	1.28172e+02
0.00000e+00	0.00000e+00	1.44440e+00	0.00000e+00	1.28345e+02
0.00000e+00	0.00000e+00	1.44263e+00	0.00000e+00	1.28518e+02
0.00000e+00	0.00000e+00	1.44087e+00	0.00000e+00	1.28691e+02
0.00000e+00	0.00000e+00	1.43911e+00	0.00000e+00	1.28865e+02
0.00000e+00	0.00000e+00	1.43735e+00	0.00000e+00	1.29038e+02
0.00000e+00	0.00000e+00	1.43558e+00	0.00000e+00	1.29211e+02
0.00000e+00	0.00000e+00	1.43381e+00	0.00000e+00	1.29384e+02
0.00000e+00	0.00000e+00	1.43204e+00	0.00000e+00	1.29557e+02
0.00000e+00	0.00000e+00	1.43027e+00	0.00000e+00	1.29731e+02
0.00000e+00	0.00000e+00	1.42852e+00	0.00000e+00	1.29904e+02
0.00000e+00	0.00000e+00	1.42669e+00	0.00000e+00	1.30077e+02
0.00000e+00	0.00000e+00	1.42485e+00	0.00000e+00	1.30250e+02
0.00000e+00	0.00000e+00	1.42302e+00	0.00000e+00	1.30423e+02
0.00000e+00	0.00000e+00	1.42118e+00	0.00000e+00	1.30597e+02
0.00000e+00	0.00000e+00	1.41936e+00	0.00000e+00	1.30770e+02
0.00000e+00	0.00000e+00	1.41756e+00	0.00000e+00	1.30943e+02
0.00000e+00	0.00000e+00	1.41575e+00	0.00000e+00	1.31116e+02
0.00000e+00	0.00000e+00	1.41395e+00	0.00000e+00	1.31289e+02
0.00000e+00	0.00000e+00	1.41214e+00	0.00000e+00	1.31463e+02
0.00000e+00	0.00000e+00	1.41034e+00	0.00000e+00	1.31636e+02
0.00000e+00	0.00000e+00	1.40853e+00	0.00000e+00	1.31809e+02
0.00000e+00	0.00000e+00	1.40673e+00	0.00000e+00	1.31982e+02
0.00000e+00	0.00000e+00	1.40492e+00	0.00000e+00	1.32155e+02
0.00000e+00	0.00000e+00	1.40312e+00	0.00000e+00	1.32329e+02
0.00000e+00	0.00000e+00	1.40132e+00	0.00000e+00	1.32502e+02
0.00000e+00	0.00000e+00	1.39951e+00	0.00000e+00	1.32675e+02
0.00000e+00	0.00000e+00	1.39771e+00	0.00000e+00	1.32848e+02
0.00000e+00	0.00000e+00	1.39590e+00	0.00000e+00	1.33021e+02
0.00000e+00	0.00000e+00	1.39410e+00	0.00000e+00	1.33195e+02
0.00000e+00	0.00000e+00	1.39231e+00	0.00000e+00	1.33368e+02
0.00000e+00	0.00000e+00	1.39049e+00	0.00000e+00	1.33541e+02
0.00000e+00	0.00000e+00	1.38861e+00	0.00000e+00	1.33714e+02
0.00000e+00	0.00000e+00	1.38674e+00	0.00000e+00	1.33888e+02
0.00000e+00	0.00000e+00	1.38487e+00	0.00000e+00	1.34061e+02
0.00000e+00	0.00000e+00	1.38300e+00	0.00000e+00	1.34234e+02
0.00000e+00	0.00000e+00	1.38113e+00	0.00000e+00	1.34407e+02
0.00000e+00	0.00000e+00	1.37926e+00	0.00000e+00	1.34580e+02
0.00000e+00	0.00000e+00	1.37739e+00	0.00000e+00	1.34754e+02
0.00000e+00	0.00000e+00	1.37552e+00	0.00000e+00	1.34927e+02
0.00000e+00	0.00000e+00	1.37365e+00	0.00000e+00	1.35100e+02
0.00000e+00	0.00000e+00	1.37177e+00	0.00000e+00	1.35273e+02
0.00000e+00	0.00000e+00	1.36990e+00	0.00000e+00	1.35446e+02
0.00000e+00	0.00000e+00	1.36803e+00	0.00000e+00	1.35620e+02
0.00000e+00	0.00000e+00	1.36616e+00	0.00000e+00	1.35793e+02
0.00000e+00	0.00000e+00	1.36429e+00	0.00000e+00	1.35966e+02
0.00000e+00	0.00000e+00	1.36237e+00	0.00000e+00	1.36139e+02
0.00000e+00	0.00000e+00	1.36045e+00	0.00000e+00	1.36312e+02
0.00000e+00	0.00000e+00	1.35853e+00	0.00000e+00	1.36486e+02
0.00000e+00	0.00000e+00	1.35661e+00	0.00000e+00	1.36659e+02
0.00000e+00	0.00000e+00	1.35469e+00	0.00000e+00	1.36832e+02
0.00000e+00	0.00000e+00	1.35277e+00	0.00000e+00	1.37005e+02
0.00000e+00	0.00000e+00	1.35085e+00	0.00000e+00	1.37178e+02
0.00000e+00	0.00000e+00	1.34893e+00	0.00000e+00	1.37352e+02
0.00000e+00	0.00000e+00	1.34701e+00	0.00000e+00	1.37525e+02
0.00000e+00	0.00000e+00	1.34509e+00	0.00000e+00	1.37698e+02
0.00000e+00	0.00000e+00	1.34317e+00	0.00000e+00	1.37871e+02
0.00000e+00	0.00000e+00	1.34124e+00	0.00000e+00	1.38044e+02
0.00000e+00	0.00000e+00	1.33932e+00	0.00000e+00	1.38218e+02
0.00000e+00	0.00000e+00	1.33740e+00	0.00000e+00	1.38391e+02
0.00000e+00	0.00000e+00	1.33548e+00	0.00000e+00	1.38564e+02
0.00000e+00	0.00000e+00	1.33356e+00	0.00000e+00	1.38737e+02
0.00000e+00	0.00000e+00	1.33164e+00	0.00000e+00	1.38910e+02
0.00000e+00	0.00000e+00	1.32972e+00	0.00000e+00	1.39084e+02
0.00000e+00	0.00000e+00	1.32780e+00	0.00000e+00	1.39257e+02
0.00000e+00	0.00000e+00	1.32575e+00	0.00000e+00	1.39430e+02
0.00000e+00	0.00000e+00	1.32371e+00	0.00000e+00	1.39603e+02
0.00000e+00	0.00000e+00	1.32166e+00	0.00000e+00	1.39777e+02
0.00000e+00	0.00000e+00	1.31961e+00	0.00000e+00	1.39950e+02
0.00000e+00	0.00000e+00	1.31756e+00	0.00000e+00	1.40123e+02
0.00000e+00	0.00000e+00	1.31552e+00	0.00000e+00	1.40296e+02
0.00000e+00	0.00000e+00	1.31347e+00	0.00000e+00	1.40469e+02
0.00000e+00	0.00000e+00	1.31142e+00	0.00000e+00	1.40643e+02
0.00000e+00	0.00000e+00	1.30937e+00	0.00000e+00	1.40816e+02
0.00000e+00	0.00000e+00	1.30733e+00	0.00000e+00	1.40989e+02
0.00000e+00	0.00000e+00	1.30528e+00	0.00000e+00	1.41162e+02
0.00000e+00	0.00000e+00	1.30323e+00	0.00000e+00	1.41335e+02
0.00000e+00	0.00000e+00	1.30118e+00	0.00000e+00	1.41509e+02
0.00000e+00	0.00000e+00	1.29914e+00	0.00000e+00	1.41682e+02
0.00000e+00	0.00000e+00	1.29709e+00	0.00000e+00	1.41855e+02
0.00000e+00	0.00000e+00	1.29504e+00	0.00000e+00	1.42028e+02
0.00000e+00	0.00000e+00	1.29299e+00	0.00000e+00	1.42201e+02
0.00000e+00	0.00000e+00	1.29095e+00	0.00000e+00	1.42375e+02
0.00000e+00	0.00000e+00	1.28890e+00	0.00000e+00	1.42548e+02
0.00000e+00	0.00000e+00	1.28685e+00	0.00000e+00	1.42721e+02
0.00000e+00	0.00000e+00	1.28480e+00	0.00000e+00	1.42894e+02
0.00000e+00	0.00000e+00	1.28275e+00	0.00000e+00	1.43067e+02
0.00000e+00	0.00000e+00	1.28071e+00	0.00000e+00	1.43241e+02
0.00000e+00	0.00000e+00	1.27866e+00	0.00000e+00	1.43414e+02
0.00000e+00	0.00000e+00	1.27661e+00	0.00000e+00	1.43587e+02
0.00000e+00	0.00000e+00	1.27456e+00	0.00000e+00	1.43760e+02
0.00000e+00	0.00000e+00	1.27252e+00	0.00000e+00	1.43933e+02
0.00000e+00	0.00000e+00	1.27047e+00	0.00000e+00	1.44107e+02
0.00000e+00	0.00000e+00	1.26842e+00	0.00000e+00	1.44280e+02
0.00000e+00	0.00000e+00	1.26637e+00	0.00000e+00	1.44453e+02
0.00000e+00	0.00000e+00	1.26433e+00	0.00000e+00	1.44626e+02
0.00000e+00	0.00000e+00	1.26228e+00	0.00000e+00	1.44799e+02
0.00000e+00	0.00000e+00	1.26023e+00	0.00000e+00	1.44973e+02
0.00000e+00	0.00000e+00	1.25818e+00	0.00000e+00	1.45146e+02
0.00000e+00	0.00000e+00	1.25614e+00	0.00000e+00	1.45319e+02
0.00000e+00	0.00000e+00	1.25409e+00	0.00000e+00	1.45492e+02
0.00000e+00	0.00000e+00	1.25204e+00	0.00000e+00	1.45665e+02
0.00000e+00	0.00000e+00	1.25003e+00	0.00000e+00	1.45839e+02
0.00000e+00	0.00000e+00	1.24804e+00	0.00000e+00	1.46012e+02
0.00000e+00	0.00000e+00	1.24596e+00	0.00000e+00	1.46185e+02
0.00000e+00	0.00000e+00	1.24377e+00	0.00000e+00	1.46358e+02
0.00000e+00	0.00000e+00	1.24144e+00	0.00000e+00	1.46531e+02
0.00000e+00	0.00000e+00	1.23910e+00	0.00000e+00	1.46705e+02
0.00000e+00	0.00000e+00	1.23676e+00	0.00000e+00	1.46878e+02
0.00000e+00	0.00000e+00	1.23444e+00	0.00000e+00	1.47051e+02
0.00000e+00	0.00000e+00	1.23214e+00	1.11214e-03	1.47224e+02
0.00000e+00	0.00000e+00	1.22991e+00	1.09837e-02	1.47398e+02
0.00000e+00	0.00000e+00	1.22769e+00	2.08551e-02	1.47571e+02
0.00000e+00	0.00000e+00	1.22546e+00	3.07267e-02	1.47744e+02
0.00000e+00	0.00000e+00	1.22323e+00	4.05982e-02	1.47917e+02
0.00000e+00	0.00000e+00	1.22100e+00	5.04697e-02	1.48090e+02
0.00000e+00	0.00000e+00	1.21877e+00	6.03412e-02	1.48264e+02
0.00000e+00	0.00000e+00	1.21654e+00	7.02127e-02	1.48437e+02
0.00000e+00	0.00000e+00	1.21431e+00	8.00843e-02	1.48610e+02
0.00000e+00	0.00000e+00	1.21208e+00	8.99557e-02	1.48783e+02
0.00000e+00	0.00000e+00	1.20986e+00	9.98273e-02	1.48956e+02
0.00000e+00	0.00000e+00	1.20763e+00	1.09283e-01	1.49130e+02
0.00000e+00	0.00000e+00	1.20539e+00	1.17813e-01	1.49303e+02
0.00000e+00	0.00000e+00	1.20316e+00	1.26343e-01	1.49476e+02
0.00000e+00	0.00000e+00	1.20093e+00	1.34873e-01	1.49649e+02
0.00000e+00	0.00000e+00	1.19870e+00	1.43403e-01	1.49822e+02
0.00000e+00	0.00000e+00	1.19647e+00	1.51933e-01	1.49996e+02
0.00000e+00	0.00000e+00	1.19424e+00	1.60463e-01	1.50169e+02
0.00000e+00	0.00000e+00	1.19201e+00	1.68992e-01	1.50342e+02
0.00000e+00	0.00000e+00	1.18978e+00	1.77522e-01	1.50515e+02
0.00000e+00	0.00000e+00	1.18755e+00	1.86053e-01	1.50688e+02
0.00000e+00	0.00000e+00	1.18532e+00	1.94583e-01	1.50862e+02
0.00000e+00	0.00000e+00	1.18309e+00	2.03113e-01	1.51035e+02
0.00000e+00	0.00000e+00	1.18089e+00	2.25614e-01	1.51208e+02
0.00000e+00	0.00000e+00	1.17832e+00	2.58585e-01	1.51381e+02
0.00000e+00	0.00000e+00	1.17573e+00	2.91367e-01	1.51554e+02
0.00000e+00	0.00000e+00	1.17314e+00	3.24149e-01	1.51728e+02
0.00000e+00	0.00000e+00	1.17054e+00	3.56930e-01	1.51901e+02
0.00000e+00	0.00000e+00	1.16795e+00	3.89712e-01	1.52074e+02
0.00000e+00	0.00000e+00	1.16536e+00	4.22493e-01	1.52247e+02
0.00000e+00	0.00000e+00	1.16277e+00	4.55275e-01	1.52420e+02
0.00000e+00	0.00000e+00	1.16017e+00	4.88057e-01	1.52594e+02
0.00000e+00	0.00000e+00	1.15758e+00	5.20838e-01	1.52767e+02
0.00000e+00	0.00000e+00	1.15499e+00	5.53620e-01	1.52940e+02
0.00000e+00	0.00000e+00	1.15242e+00	5.86424e-01	1.53113e+02
0.00000e+00	0.00000e+00	1.14985e+00	6.19229e-01	1.53286e+02
0.00000e+00	0.00000e+00	1.14728e+00	6.52034e-01	1.53460e+02
0.00000e+00	0.00000e+00	1.14471e+00	6.84838e-01	1.53633e+02
0.00000e+00	0.00000e+00	1.14214e+00	7.17643e-01	1.53806e+02
0.00000e+00	0.00000e+00	1.13957e+00	7.50448e-01	1.53979e+02
0.00000e+00	0.00000e+00	1.13700e+00	7.83253e-01	1.54153e+02
0.00000e+00	0.00000e+00	1.13443e+00	8.16058e-01	1.54326e+02
0.00000e+00	0.00000e+00	1.13186e+00	8.48862e-01	1.54499e+02
0.00000e+00	0.00000e+00	1.12929e+00	8.81667e-01	1.54672e+02
0.00000e+00	0.00000e+00	1.12672e+00	9.14471e-01	1.54845e+02
0.00000e+00	0.00000e+00	1.12415e+00	9.47276e-01	1.55019e+02
0.00000e+00	0.00000e+00	1.12158e+00	9.80081e-01	1.55192e+02
0.00000e+00	0.00000e+00	1.11901e+00	1.01289e+00	1.55365e+02
0.00000e+00	0.00000e+00	1.11644e+00	1.04569e+00	1.55538e+02
0.00000e+00	0.00000e+00	1.11387e+00	1.07849e+00	1.55711e+02
0.00000e+00	0.00000e+00	1.11130e+00	1.11130e+00	1.55885e+02
0.00000e+00	0.00000e+00	1.09187e+00	1.11031e+00	1.56058e+02
0.00000e+00	0.00000e+00	1.07244e+00	1.10933e+00	1.56231e+02
0.00000e+00	0.00000e+00	1.05300e+00	1.10834e+00	1.56404e+02
0.00000e+00	0.00000e+00	1.03357e+00	1.10736e+00	1.56577e+02
0.00000e+00	0.00000e+00	1.01414e+00	1.10637e+00	1.56751e+02
0.00000e+00	0.00000e+00	9.94706e-01	1.10539e+00	1.56924e+02
0.00000e+00	0.00000e+00	9.55689e-01	1.10426e+00	1.57097e+02
0.00000e+00	0.00000e+00	9.09681e-01	1.10308e+00	1.57270e+02
0.00000e+00	0.00000e+00	8.63675e-01	1.10190e+00	1.57443e+02
0.00000e+00	0.00000e+00	8.17668e-01	1.10073e+00	1.57617e+02
0.00000e+00	0.00000e+00	7.71661e-01	1.09955e+00	1.57790e+02
0.00000e+00	0.00000e+00	7.25654e-01	1.09837e+00	1.57963e+02
0.00000e+00	0.00000e+00	6.79647e-01	1.09720e+00	1.58136e+02
0.00000e+00	0.00000e+00	6.65990e-01	1.09605e+00	1.58309e+02
0.00000e+00	0.00000e+00	6.59445e-01	1.09492e+00	1.58483e+02
0.00000e+00	0.00000e+00	6.52901e-01	1.09378e+00	1.58656e+02
0.00000e+00	0.00000e+00	6.46356e-01	1.09265e+00	1.58829e+02
0.00000e+00	0.00000e+00	6.39813e-01	1.09152e+00	1.59002e+02
0.00000e+00	0.00000e+00	6.33268e-01	1.09038e+00	1.59175e+02
0.00000e+00	0.00000e+00	6.26724e-01	1.08925e+00	1.59349e+02
0.00000e+00	0.00000e+00	6.20180e-01	1.08811e+00	1.59522e+02
0.00000e+00	0.00000e+00	6.13635e-01	1.08698e+00	1.59695e+02
0.00000e+00	0.00000e+00	6.07092e-01	1.08584e+00	1.59868e+02
0.00000e+00	0.00000e+00	6.00547e-01	1.08471e+00	1.60041e+02
0.00000e+00	0.00000e+00	5.94003e-01	1.08357e+00	1.60215e+02
0.00000e+00	0.00000e+00	5.87459e-01	1.08244e+00	1.60388e+02
0.00000e+00	0.00000e+00	5.80914e-01	1.08131e+00	1.60561e+02
0.00000e+00	0.00000e+00	5.69616e-01	1.08017e+00	1.60734e+02
0.00000e+00	0.00000e+00	5.46799e-01	1.07905e+00	1.60908e+02
0.00000e+00	0.00000e+00	5.20772e-01	1.07790e+00	1.61081e+02
0.00000e+00	0.00000e+00	4.91561e-01	1.07674e+00	1.61254e+02
0.00000e+00	0.00000e+00	4.62350e-01	1.07557e+00	1.61427e+02
0.00000e+00	0.00000e+00	4.33139e-01	1.07440e+00	1.61600e+02
0.00000e+00	0.00000e+00	4.03928e-01	1.07323e+00	1.61774e+02
0.00000e+00	0.00000e+00	3.74717e-01	1.07206e+00	1.61947e+02
0.00000e+00	0.00000e+00	3.45506e-01	1.07090e+00	1.62120e+02
0.00000e+00	0.00000e+00	3.16295e-01	1.06973e+00	1.62293e+02
0.00000e+00	0.00000e+00	2.87084e-01	1.06856e+00	1.62466e+02
0.00000e+00	0.00000e+00	2.57873e-01	1.06739e+00	1.62640e+02
0.00000e+00	0.00000e+00	2.28662e-01	1.06622e+00	1.62813e+02
0.00000e+00	0.00000e+00	1.99451e-01	1.06506e+00	1.62986e+02
0.00000e+00	0.00000e+00	1.70240e-01	1.06389e+00	1.63159e+02
0.00000e+00	0.00000e+00	1.41029e-01	1.06272e+00	1.63332e+02
0.00000e+00	0.00000e+00	1.11818e-01	1.06155e+00	1.63506e+02
0.00000e+00	0.00000e+00	8.26070e-02	1.06038e+00	1.63679e+02
0.00000e+00	0.00000e+00	5.33961e-02	1.05921e+00	1.63852e+02
0.00000e+00	0.00000e+00	2.41853e-02	1.05805e+00	1.64025e+02
0.00000e+00	0.00000e+00	0.00000e+00	1.05689e+00	1.64198e+02
0.00000e+00	0.00000e+00	0.00000e+00	1.05578e+00	1.64372e+02
0.00000e+00	0.00000e+00	0.00000e+00	1.05467e+00	1.64545e+02
0.00000e+00	0.00000e+00	0.00000e+00	1.05356e+00	1.64718e+02
0.00000e+00	0.00000e+00	0.00000e+00	1.05245e+00	1.64891e+02
0.00000e+00	0.00000e+00	0.00000e+00	1.05135e+00	1.65064e+02
0.00000e+00	0.00000e+00	0.00000e+00	1.05025e+00	1.65238e+02
0.00000e+00	0.00000e+00	0.00000e+00	1.04914e+00	1.65411e+02
0.00000e+00	0.00000e+00	0.00000e+00	1.04804e+00	1.65584e+02
0.00000e+00	0.00000e+00	0.00000e+00	1.04694e+00	1.65757e+02
0.00000e+00	0.00000e+00	0.00000e+00	1.04584e+00	1.65930e+02
0.00000e+00	0.00000e+00	0.00000e+00	1.04474e+00	1.66104e+02
0.00000e+00	0.00000e+00	0.00000e+00	1.04364e+00	1.66277e+02
0.00000e+00	0.00000e+00	0.00000e+00	1.04254e+00	1.66450e+02
0.00000e+00	0.00000e+00	0.00000e+00	1.04144e+00	1.66623e+02
0.00000e+00	0.00000e+00	0.00000e+00	1.04034e+00	1.66796e+02
0.00000e+00	0.00000e+00	0.00000e+00	1.03924e+00	1.66970e+02
0.00000e+00	0.00000e+00	0.00000e+00	1.03814e+00	1.67143e+02
0.00000e+00	0.00000e+00	0.00000e+00	1.03704e+00	1.67316e+02
0.00000e+00	0.00000e+00	0.00000e+00	1.03594e+00	1.67489e+02
0.00000e+00	0.00000e+00	0.00000e+00	1.03484e+00	1.67663e+02
0.00000e+00	0.00000e+00	0.00000e+00	1.03374e+00	1.67836e+02
0.00000e+00	0.00000e+00	0.00000e+00	1.03264e+00	1.68009e+02
0.00000e+00	0.00000e+00	0.00000e+00	1.03154e+00	1.68182e+02
0.00000e+00	0.00000e+00	0.00000e+00	1.03043e+00	1.68355e+02
0.00000e+00	0.00000e+00	0.00000e+00	1.02928e+00	1.68529e+02
0.00000e+00	0.00000e+00	0.00000e+00	1.02813e+00	1.68702e+02
0.00000e+00	0.00000e+00	0.00000e+00	1.02704e+00	1.68875e+02
0.00000e+00	0.00000e+00	0.00000e+00	1.02596e+00	1.69048e+02
0.00000e+00	0.00000e+00	0.00000e+00	1.02487e+00	1.69221e+02
0.00000e+00	0.00000e+00	0.00000e+00	1.02378e+00	1.69395e+02
0.00000e+00	0.00000e+00	0.00000e+00	1.02269e+00	1.69568e+02
0.00000e+00	0.00000e+00	0.00000e+00	1.02160e+00	1.69741e+02
0.00000e+00	0.00000e+00	0.00000e+00	1.02051e+00	1.69914e+02
0.00000e+00	0.00000e+00	0.00000e+00	1.01942e+00	1.70087e+02
0.00000e+00	0.00000e+00	0.00000e+00	1.01833e+00	1.70261e+02
0.00000e+00	0.00000e+00	0.00000e+00	1.01724e+00	1.70434e+02
0.00000e+00	0.00000e+00	0.00000e+00	1.01615e+00	1.70607e+02
0.00000e+00	0.00000e+00	0.00000e+00	1.01506e+00	1.70780e+02
0.00000e+00	0.00000e+00	0.00000e+00	1.01397e+00	1.70953e+02
0.00000e+00	0.00000e+00	0.00000e+00	1.01288e+00	1.71127e+02
0.00000e+00	0.00000e+00	0.00000e+00	1.01179e+00	1.71300e+02
0.00000e+00	0.00000e+00	0.00000e+00	1.01072e+00	1.71473e+02
0.00000e+00	0.00000e+00	0.00000e+00	1.00965e+00	1.71646e+02
0.00000e+00	0.00000e+00	0.00000e+00	1.00858e+00	1.71819e+02
0.00000e+00	0.00000e+00	0.00000e+00	1.00750e+00	1.71993e+02
0.00000e+00	0.00000e+00	0.00000e+00	1.00643e+00	1.72166e+02
0.00000e+00	0.00000e+00	0.00000e+00	1.00536e+00	1.72339e+02
0.00000e+00	0.00000e+00	0.00000e+00	1.00429e+00	1.72512e+02
0.00000e+00	0.00000e+00	0.00000e+00	1.00322e+00	1.72685e+02
0.00000e+00	0.00000e+00	0.00000e+00	1.00214e+00	1.72859e+02
0.00000e+00	0.00000e+00	0.00000e+00	1.00107e+00	1.73032e+02
0.00000e+00	0.00000e+00	0.00000e+00	1.00000e+00	1.73205e+02
